"Czas zamówienia","Adres odbioru","Cena","Opłata rezerwacyjna","Opłata drogowa","Opłata za anulowanie","Napiwek","Waluta","Metoda płatności","Data płatności","Odległość","Stan"
"31.01.2024 22:13","Władysława Cieszyńskiego 38, Gdańsk 80-809","29.57","0.00","0.00","0.00","0.00","ZŁ","Gotówka","31.01.2024 22:32","9.19","Zakończony"
"31.01.2024 21:13","Konrada Guderskiego 63, Gdańsk 80-180","22.86","0.00","0.00","0.00","0.00","ZŁ",Płatności Bolt,"31.01.2024 21:32","6.41","Zakończony"
"31.01.2024 20:08","Niepołomicka 36, Gdańsk 80-180","27.89","0.00","0.00","0.00","0.00","ZŁ",Płatności Bolt,"31.01.2024 20:30","7.98","Zakończony"
"31.01.2024 18:54","Władysława Czermińskiego 5, Гданьск 80-174","18.92","0.00","0.00","0.00","0.00","ZŁ",Płatności Bolt,"31.01.2024 19:12","4.15","Zakończony"
"31.01.2024 00:50","Zielony Stok 25, Gdańsk 80-119","17.93","0.00","0.00","0.00","0.00","ZŁ",Płatności Bolt,"31.01.2024 01:08","4.38","Zakończony"
"31.01.2024 00:19","Stanisława Wyspiańskiego 9a, Gdańsk 80-432","17.31","0.00","0.00","0.00","0.00","ZŁ",Płatności Bolt,"31.01.2024 00:31","3.93","Zakończony"
"31.01.2024 00:02","Startowa 7B, Gdańsk 80-461","15.08","0.00","0.00","0.00","0.00","ZŁ",Płatności Bolt,"31.01.2024 00:12","2.90","Zakończony"
"30.01.2024 23:37","Kartuska 79, Gdańsk 80-136","26.36","0.00","0.00","0.00","0.00","ZŁ",Płatności Bolt,"30.01.2024 23:59","8.05","Zakończony"
"30.01.2024 23:14","Warneńska 14A, Gdańsk 80-288","13.80","0.00","0.00","0.00","0.00","ZŁ",Płatności Bolt,"30.01.2024 23:25","2.63","Zakończony"
"30.01.2024 22:52","Stanisława Lema 15, Gdańsk 80-126","14.29","0.00","0.00","0.00","0.00","ZŁ",Płatności Bolt,"30.01.2024 22:59","2.00","Zakończony"
"30.01.2024 22:32","Aleja Grunwaldzka 303d, Gdańsk 80-314","23.68","0.00","0.00","0.00","0.00","ZŁ",Płatności Bolt,"30.01.2024 22:49","6.71","Zakończony"
"30.01.2024 22:17","Szczecińska 21, Gdańsk 80-392","15.58","0.00","0.00","0.00","0.00","ZŁ",Płatności Bolt,"30.01.2024 22:29","3.20","Zakończony"
"30.01.2024 21:20","Miedziana 20, Gdańsk 80-267","19.69","0.00","0.00","0.00","3.00","ZŁ",Płatności Bolt,"30.01.2024 21:31","5.72","Zakończony"
"30.01.2024 19:34","Królewskie Wzgórze 32, Gdańsk 80-283","28.40","0.00","0.00","0.00","0.00","ZŁ",Płatności Bolt,"30.01.2024 19:51","8.99","Zakończony"
"30.01.2024 18:58","Centrum Medicover Forum, Gdańsk","30.39","0.00","0.00","0.00","0.00","ZŁ",Płatności Bolt,"30.01.2024 19:15","10.28","Zakończony"
"30.01.2024 18:29","Świętokrzyska 132, Gdańsk 80-180","31.89","0.00","0.00","0.00","0.00","ZŁ",Płatności Bolt,"30.01.2024 18:56","9.64","Zakończony"
"28.01.2024 22:55","Szafarnia 10, Гданьск 80-755","10.00","0.00","0.00","10.00","0.00","ZŁ",Płatności Bolt,"28.01.2024 22:57","0.00","Klient anulował"
"28.01.2024 22:18","Profesora Józefa Więckowskiego 1, Gdańsk 80-809","21.63","0.00","0.00","0.00","0.00","ZŁ",Płatności Bolt,"28.01.2024 22:35","5.71","Zakończony"
"28.01.2024 22:04","Słodowników, Stare Miasto Gdansk","15.41","0.00","0.00","0.00","0.00","ZŁ",Płatności Bolt,"28.01.2024 22:14","3.38","Zakończony"
"28.01.2024 21:48","Podwale Staromiejskie 94/99h, Danzig 80-844","13.00","0.00","0.00","0.00","0.00","ZŁ",Płatności Bolt,"28.01.2024 21:58","1.99","Zakończony"
"28.01.2024 21:31","Bulońska 36D, Gdańsk 80-288","22.94","0.00","0.00","0.00","0.00","ZŁ","Gotówka","28.01.2024 21:50","6.09","Zakończony"
"28.01.2024 20:57","Amundsena 1B, Gdańsk","13.00","0.00","0.00","0.00","0.00","ZŁ",Płatności Bolt,"28.01.2024 21:05","2.01","Zakończony"
"28.01.2024 20:50","Ferdynanda Magellana 14b, Gdańsk 80-288","17.33","0.00","0.00","0.00","0.00","ZŁ",Płatności Bolt,"28.01.2024 20:56","0.01","Zakończony"
"28.01.2024 19:38","Nowomiejska 3, Gdańsk 80-864","20.23","0.00","0.00","0.00","0.00","ZŁ","Gotówka","28.01.2024 19:51","6.16","Zakończony"
"28.01.2024 19:21","Powroźnicza 13/15, Gdańsk 80-828","15.89","0.00","0.00","0.00","0.00","ZŁ",Płatności Bolt,"28.01.2024 19:34","2.76","Zakończony"
"28.01.2024 18:35","Tokarska, Old Town Gdansk","26.00","0.00","0.00","0.00","0.00","ZŁ",Płatności Bolt,"28.01.2024 18:56","6.79","Zakończony"
"28.01.2024 18:10","Przywidzka 8, Gdańsk 80-174","30.25","0.00","0.00","0.00","5.00","ZŁ",Płatności Bolt,"28.01.2024 18:30","9.29","Zakończony"
"28.01.2024 02:56","Srebrniki 7, Gdańsk 80-282","17.28","0.00","0.00","0.00","0.00","ZŁ",Płatności Bolt,"28.01.2024 03:07","4.52","Zakończony"
"28.01.2024 00:51","Szeroka, Stare Miasto Gdansk","18.25","0.00","0.00","0.00","0.00","ZŁ",Płatności Bolt,"28.01.2024 01:07","4.77","Zakończony"
"28.01.2024 00:32","Olejarna 8, Gdańsk 80-843","13.00","0.00","0.00","0.00","0.00","ZŁ",Płatności Bolt,"28.01.2024 00:40","1.79","Zakończony"
"28.01.2024 00:08","Aleja Grunwaldzka 491A, Гданьск 80-309","30.55","0.00","0.00","0.00","0.00","ZŁ",Płatności Bolt,"28.01.2024 00:33","9.86","Zakończony"
"27.01.2024 23:57","Plac Dworcowy 2, Gdańsk 80-321","13.00","0.00","0.00","0.00","0.00","ZŁ",Płatności Bolt,"28.01.2024 00:04","1.88","Zakończony"
"27.01.2024 23:43","Chmielna 3/8, Gdańsk","30.70","0.00","0.00","0.00","0.00","ZŁ","Gotówka","27.01.2024 23:58","10.30","Zakończony"
"27.01.2024 23:07","Słodowników, Stare Miasto Gdansk","18.72","0.00","0.00","0.00","0.00","ZŁ",Płatności Bolt,"27.01.2024 23:22","4.95","Zakończony"
"27.01.2024 22:19","Władysława Łokietka 1, Sopot 81-736","73.09","0.00","0.00","0.00","0.00","ZŁ",Płatności Bolt,"27.01.2024 23:10","12.63","Zakończony"
"27.01.2024 22:02","Ergo Arena, Ergo Arena","23.71","0.00","0.00","0.00","0.00","ZŁ","Gotówka","27.01.2024 22:24","2.65","Zakończony"
"27.01.2024 21:50","Leona Droszyńskiego 32a, Gdansk 80-381","15.07","0.00","0.00","0.00","0.00","ZŁ",Płatności Bolt,"27.01.2024 21:58","2.44","Zakończony"
"27.01.2024 19:30","Grunwaldzka 4-6, Sopot 81-759","13.95","0.00","0.00","0.00","5.00","ZŁ",Płatności Bolt,"27.01.2024 19:49","4.86","Zakończony"
"27.01.2024 18:51","Chmielna 72/5, Гданьск 80-748","14.18","0.00","0.00","0.00","0.00","ZŁ",Płatności Bolt,"27.01.2024 19:04","2.51","Zakończony"
"27.01.2024 18:37","Mariana Hemara 3, Гданьск 80-280","25.84","0.00","0.00","0.00","0.00","ZŁ",Płatności Bolt,"27.01.2024 18:54","7.38","Zakończony"
"27.01.2024 18:18","Stara Stocznia 2, Gdańsk 80-862","24.13","0.00","0.00","0.00","0.00","ZŁ",Płatności Bolt,"27.01.2024 18:38","6.98","Zakończony"
"27.01.2024 17:54","Wały Jagiellońskie 6, Gdańsk 80-853","13.37","0.00","0.00","0.00","0.00","ZŁ",Płatności Bolt,"27.01.2024 18:03","2.48","Zakończony"
"27.01.2024 17:15","Przywidzka 8, Gdańsk 80-180","31.76","0.00","0.00","0.00","0.00","ZŁ",Płatności Bolt,"27.01.2024 17:43","9.51","Zakończony"
"25.01.2024 19:39","Juliusza Słowackiego 23, Gdańsk 80-257","32.42","0.00","0.00","0.00","0.00","ZŁ",Płatności Bolt,"25.01.2024 20:12","10.59","Zakończony"
"25.01.2024 18:56","Mariana Smoluchowskiego 16, Gdańsk 80-214","26.66","0.00","0.00","0.00","0.00","ZŁ",Płatności Bolt,"25.01.2024 19:16","7.70","Zakończony"
"25.01.2024 18:28","Toruńska 20, Gdańsk 80-747","16.32","0.00","0.00","0.00","0.00","ZŁ",Płatności Bolt,"25.01.2024 18:41","3.24","Zakończony"
"25.01.2024 17:55","Alfonsa Flisykowskiego 13, Gdańsk 80-180","30.45","0.00","0.00","0.00","0.00","ZŁ",Płatności Bolt,"25.01.2024 18:15","9.43","Zakończony"
"25.01.2024 16:12","Władysława Cieszyńskiego 17, Gdańsk 80-809","23.81","0.00","0.00","0.00","0.00","ZŁ",Płatności Bolt,"25.01.2024 16:35","5.71","Zakończony"
"25.01.2024 15:47","Podwale Grodzkie 2, Гданськ 80-895","16.18","0.00","0.00","0.00","0.00","ZŁ",Płatności Bolt,"25.01.2024 16:00","3.19","Zakończony"
"25.01.2024 15:09","Magazynowa 40, Jankowo Gdańskie 80-180","44.07","0.00","0.00","0.00","0.00","ZŁ",Płatności Bolt,"25.01.2024 15:46","13.56","Zakończony"
"24.01.2024 22:51","Lęborska 22D, Gdansk 80-387","20.04","0.00","0.00","0.00","0.00","ZŁ","Gotówka","24.01.2024 23:08","5.36","Zakończony"
"24.01.2024 22:23","Woosabi, Chmielna 10, Gdańsk","25.81","0.00","0.00","0.00","0.00","ZŁ",Płatności Bolt,"24.01.2024 22:43","9.74","Zakończony"
"24.01.2024 22:16","Chmielna 71, Gdańsk 80-748","13.00","0.00","0.00","0.00","0.00","ZŁ",Płatności Bolt,"24.01.2024 22:24","2.24","Zakończony"
"24.01.2024 21:57","Srebrna 34A, Gdańsk 80-180","23.35","0.00","0.00","0.00","0.00","ZŁ",Płatności Bolt,"24.01.2024 22:15","7.03","Zakończony"
"24.01.2024 21:40","Jeleniogórska 61, Gdańsk 80-180","14.78","0.00","0.00","0.00","5.00","ZŁ",Płatności Bolt,"24.01.2024 21:51","2.93","Zakończony"
"24.01.2024 18:10","Jaśminowy Stok 65, Гданьск 80-177","14.04","0.00","0.00","0.00","0.00","ZŁ",Płatności Bolt,"24.01.2024 18:22","2.62","Zakończony"
"24.01.2024 17:56","Targ Węglowy 26, Gdansk 80-836","34.18","0.00","0.00","0.00","0.00","ZŁ",Płatności Bolt,"24.01.2024 18:12","11.11","Zakończony"
"24.01.2024 17:50","Długa Grobla 6B, Gdańsk 80-754","13.78","0.00","0.00","0.00","0.00","ZŁ",Płatności Bolt,"24.01.2024 17:57","2.24","Zakończony"
"24.01.2024 17:02","Zeusa 1A, Kolbudy 80-180","14.87","0.00","0.00","0.00","0.00","ZŁ",Płatności Bolt,"24.01.2024 17:17","2.72","Zakończony"
"23.01.2024 21:24","Łódzka 62, Gdańsk 80-180","13.00","0.00","0.00","0.00","0.00","ZŁ",Płatności Bolt,"23.01.2024 21:35","1.40","Zakończony"
"23.01.2024 20:22","Konstantego Bergiela 7, Gdańsk 80-180","13.77","0.00","0.00","0.00","0.00","ZŁ",Płatności Bolt,"23.01.2024 20:36","2.50","Zakończony"
"23.01.2024 19:48","Świętokrzyska 21, Gdańsk 80-180","15.75","0.00","0.00","0.00","0.00","ZŁ",Płatności Bolt,"23.01.2024 20:01","3.06","Zakończony"
"23.01.2024 19:15","Władysława Jagiełły 38, Gdańsk 80-180","17.79","0.00","0.00","0.00","0.00","ZŁ","Gotówka","23.01.2024 19:29","3.69","Zakończony"
"23.01.2024 19:01","Współczesna 1F, Pruszcz Gdański Obszar Wiejski 80-180","15.88","0.00","0.00","0.00","0.00","ZŁ",Płatności Bolt,"23.01.2024 19:12","3.28","Zakończony"
"23.01.2024 18:15","Wawelska 4A, Gdańsk 80-034","13.00","0.00","0.00","0.00","0.00","ZŁ",Płatności Bolt,"23.01.2024 18:34","1.63","Zakończony"
"23.01.2024 17:49","Konrada Guderskiego 36, Gdańsk 80-180","19.12","0.00","0.00","0.00","0.00","ZŁ",Płatności Bolt,"23.01.2024 18:07","4.18","Zakończony"
"21.01.2024 23:15","Do Studzienki 31A, Gdańsk 80-227","18.25","0.00","0.00","0.00","0.00","ZŁ",Płatności Bolt,"21.01.2024 23:25","4.52","Zakończony"
"21.01.2024 22:35","Zakopiańska 28A, Gdańsk 80-142","13.00","0.00","0.00","0.00","0.00","ZŁ","Gotówka","21.01.2024 22:44","1.71","Zakończony"
"21.01.2024 22:21","Księdza Jerzego Popiełuszki 3, Gdańsk 80-863","15.37","0.00","0.00","0.00","0.00","ZŁ",Płatności Bolt,"21.01.2024 22:33","2.74","Zakończony"
"21.01.2024 22:08","Podwale Grodzkie 2, Gdańsk 80-895","15.23","0.00","0.00","0.00","0.00","ZŁ",Płatności Bolt,"21.01.2024 22:17","3.18","Zakończony"
"21.01.2024 21:51","Lisia Grobla 7, Gdańsk","21.75","0.00","0.00","0.00","0.00","ZŁ",Płatności Bolt,"21.01.2024 22:03","6.76","Zakończony"
"21.01.2024 21:26","Partyzantów 59a, Gdańsk 80-254","22.03","0.00","0.00","0.00","0.00","ZŁ",Płatności Bolt,"21.01.2024 21:47","5.92","Zakończony"
"21.01.2024 21:16","Podwale Grodzkie 2C, Gdańsk 80-895","16.95","0.00","0.00","0.00","0.00","ZŁ",Płatności Bolt,"21.01.2024 21:25","3.59","Zakończony"
"21.01.2024 20:24","Wały Jagiellońskie 2A, Gdańsk 80-887","15.92","0.00","0.00","0.00","0.00","ZŁ",Płatności Bolt,"21.01.2024 20:36","3.65","Zakończony"
"21.01.2024 20:13","Toruńska 15, Gdansk 80-747","13.73","0.00","0.00","0.00","0.00","ZŁ",Płatności Bolt,"21.01.2024 20:26","2.58","Zakończony"
"21.01.2024 19:56","Latarniana, Old Town Gdansk","13.00","0.00","0.00","0.00","0.00","ZŁ",Płatności Bolt,"21.01.2024 20:11","2.04","Zakończony"
"21.01.2024 19:31","Reformacka 21A, Gdańsk 80-808","15.95","0.00","0.00","0.00","0.00","ZŁ","Gotówka","21.01.2024 19:48","3.51","Zakończony"
"21.01.2024 18:02","Hausbrandta 14, Gdańsk, Polska","27.45","0.00","0.00","0.00","0.00","ZŁ","Gotówka","21.01.2024 18:23","8.89","Zakończony"
"21.01.2024 17:41","Turzycowa 45, Gdańsk","17.28","0.00","0.00","0.00","0.00","ZŁ","Gotówka","21.01.2024 17:59","3.61","Zakończony"
"21.01.2024 17:37","Leszczynowa 94, Гданьск 80-175","10.00","0.00","0.00","10.00","0.00","ZŁ",Płatności Bolt,"21.01.2024 17:41","0.00","Klient anulował"
"21.01.2024 03:25","Zeusa 33, Kowale, Polska","15.06","0.00","0.00","0.00","0.00","ZŁ","Gotówka","21.01.2024 03:38","3.05","Zakończony"
"21.01.2024 03:10","Latarniana, Stare Miasto Gdansk","41.84","0.00","0.00","0.00","0.00","ZŁ",Płatności Bolt,"21.01.2024 03:28","8.94","Zakończony"
"21.01.2024 02:43","Doki 2, Gdańsk 80-863","23.47","0.00","0.00","0.00","0.00","ZŁ",Płatności Bolt,"21.01.2024 03:02","6.55","Zakończony"
"21.01.2024 02:39","Narzędziowców 1, Gdańsk 80-864","19.74","0.00","0.00","0.00","0.00","ZŁ",Płatności Bolt,"21.01.2024 02:48","2.04","Zakończony"
"21.01.2024 02:23","Plaża Brzeźno, Plaża Brzeźno","22.81","0.00","0.00","0.00","5.00","ZŁ",Płatności Bolt,"21.01.2024 02:37","6.64","Zakończony"
"21.01.2024 02:02","Władysława Cieszyńskiego 6, Gdańsk 80-809","32.84","0.00","0.00","0.00","0.00","ZŁ","Gotówka","21.01.2024 02:23","12.12","Zakończony"
"21.01.2024 01:47","Stanisława Lema 7, Gdańsk 80-126","18.60","0.00","0.00","0.00","0.00","ZŁ",Płatności Bolt,"21.01.2024 02:00","5.21","Zakończony"
"21.01.2024 01:28","Targ Drzewny 3/7, Gdańsk 80-886","27.47","0.00","0.00","0.00","0.00","ZŁ",Płatności Bolt,"21.01.2024 01:44","5.63","Zakończony"
"21.01.2024 00:40","Jesionowa 7, Gdańsk 80-261","18.27","0.00","0.00","0.00","0.00","ZŁ",Płatności Bolt,"21.01.2024 00:57","4.91","Zakończony"
"20.01.2024 23:57","Wielkopolska 44, Гданьск 80-180","33.94","0.00","0.00","0.00","0.00","ZŁ","Gotówka","21.01.2024 00:37","10.88","Zakończony"
"20.01.2024 22:18","Chmielna, Old Town Gdansk","16.70","0.00","0.00","0.00","0.00","ZŁ",Płatności Bolt,"20.01.2024 22:29","3.86","Zakończony"
"20.01.2024 21:59","Starowiejska 63, Gdańsk 80-534","25.25","0.00","0.00","0.00","0.00","ZŁ","Gotówka","20.01.2024 22:19","7.58","Zakończony"
"20.01.2024 21:28","Jana z Kolna 30, Gdańsk 80-864","13.85","0.00","0.00","0.00","0.00","ZŁ",Płatności Bolt,"20.01.2024 21:36","2.28","Zakończony"
"20.01.2024 20:36","Aleja Grunwaldzka 82, Гданьск 80-236","15.63","0.00","0.00","0.00","0.00","ZŁ",Płatności Bolt,"20.01.2024 20:48","3.29","Zakończony"
"20.01.2024 20:19","Pomorska 86A, Gdańsk 80-345","22.00","0.00","0.00","0.00","0.00","ZŁ",Płatności Bolt,"20.01.2024 20:34","6.02","Zakończony"
"20.01.2024 20:10","Bałtycka 41, Gdańsk 80-341","13.34","0.00","0.00","0.00","0.00","ZŁ","Gotówka","20.01.2024 20:18","1.26","Zakończony"
"20.01.2024 19:50","Świętej Barbary 12/23, Gdańsk 80-753","33.07","0.00","0.00","0.00","0.00","ZŁ",Płatności Bolt,"20.01.2024 20:13","14.41","Zakończony"
"20.01.2024 18:59","Okrąg 5/7, Gdańsk 80-871","22.52","0.00","0.00","0.00","0.00","ZŁ",Płatności Bolt,"20.01.2024 19:12","10.48","Zakończony"
"20.01.2024 18:33","Piecewska 19, Gdańsk 80-288","26.32","0.00","0.00","0.00","0.00","ZŁ",Płatności Bolt,"20.01.2024 18:55","7.57","Zakończony"
"20.01.2024 18:12","Władysława Czermińskiego 5, Gdańsk 80-174","21.39","0.00","0.00","0.00","0.00","ZŁ",Płatności Bolt,"20.01.2024 18:33","5.41","Zakończony"
"20.01.2024 02:42","Konstantego Bergiela 8, Gdańsk 80-180","13.00","0.00","0.00","0.00","0.00","ZŁ","Gotówka","20.01.2024 03:09","2.11","Zakończony"
"20.01.2024 02:35","Mikołaja Działyńskiego 1B, Gdańsk 80-041","16.07","0.00","0.00","0.00","0.00","ZŁ","Gotówka","20.01.2024 02:46","3.44","Zakończony"
"20.01.2024 00:51","Małomiejska 38, Gdańsk 80-037","13.00","0.00","0.00","0.00","0.00","ZŁ",Płatności Bolt,"20.01.2024 00:59","1.04","Zakończony"
"20.01.2024 00:20","Zdrojowa 1, Gdańsk 80-515","41.17","0.00","0.00","0.00","0.00","ZŁ","Gotówka","20.01.2024 00:46","13.52","Zakończony"
"20.01.2024 00:07","Jagiellońska 10I, Gdańsk","18.22","0.00","0.00","0.00","0.00","ZŁ",Płatności Bolt,"20.01.2024 00:22","3.98","Zakończony"
"19.01.2024 23:52","Gen. Józefa Bema 1, Sopot 81-753","17.38","0.00","0.00","0.00","0.00","ZŁ","Gotówka","20.01.2024 00:07","3.64","Zakończony"
"19.01.2024 23:42","Gen. Bora-Komorowskiego 85a, Gdańsk","20.02","0.00","0.00","0.00","0.00","ZŁ",Płatności Bolt,"19.01.2024 23:58","5.16","Zakończony"
"19.01.2024 23:37","Leona Droszyńskiego 28, Gdańsk 80-381","10.00","0.00","0.00","10.00","0.00","ZŁ",Płatności Bolt,"19.01.2024 23:41","0.00","Klient anulował"
"19.01.2024 23:10","Stanisława Wyspiańskiego 2, Гданськ 80-434","18.91","0.00","0.00","0.00","0.00","ZŁ","Gotówka","19.01.2024 23:20","3.69","Zakończony"
"19.01.2024 22:56","Bogusławskiego, Stare Miasto Gdansk","15.72","0.00","0.00","0.00","0.00","ZŁ",Płatności Bolt,"19.01.2024 23:06","4.49","Zakończony"
"19.01.2024 22:40","Kazimierza Porębskiego 12, Gdańsk 80-180","23.02","0.00","0.00","0.00","0.00","ZŁ",Płatności Bolt,"19.01.2024 22:57","6.83","Zakończony"
"19.01.2024 21:06","Długa Grobla 10, Gdańsk 80-754","16.12","0.00","0.00","0.00","0.00","ZŁ",Płatności Bolt,"19.01.2024 21:18","3.15","Zakończony"
"19.01.2024 19:56","Legnicka 32/34, Gdańsk","18.22","0.00","0.00","0.00","0.00","ZŁ","Gotówka","19.01.2024 20:13","4.26","Zakończony"
"19.01.2024 18:49","Angielska Grobla 33, Gdańsk 80-756","41.62","0.00","0.00","0.00","0.00","ZŁ",Płatności Bolt,"19.01.2024 19:51","19.18","Zakończony"
"19.01.2024 18:42","Podwale Grodzkie 2, Gdansk 80-895","14.82","0.00","0.00","0.00","0.00","ZŁ",Płatności Bolt,"19.01.2024 18:49","3.49","Zakończony"
"19.01.2024 18:09","Staropolska 53, Kolbudy 80-180","29.91","0.00","0.00","0.00","0.00","ZŁ","Gotówka","19.01.2024 18:41","8.47","Zakończony"
"18.01.2024 23:24","Targ Rybny 6A, Gdańsk 80-838","14.98","0.00","0.00","0.00","0.00","ZŁ",Płatności Bolt,"18.01.2024 23:36","3.05","Zakończony"
"18.01.2024 22:36","Kazimierza Górskiego 1, Гданськ 80-336","35.67","0.00","0.00","0.00","0.00","ZŁ",Płatności Bolt,"18.01.2024 22:54","9.94","Zakończony"
"18.01.2024 22:13","Stefana Miraua 1, Гданськ 80-318","13.85","0.00","0.00","0.00","0.00","ZŁ","Gotówka","18.01.2024 22:22","2.33","Zakończony"
"18.01.2024 22:01","Tadeusza Kościuszki 3, Sopot 81-704","13.00","0.00","0.00","0.00","0.00","ZŁ","Gotówka","18.01.2024 22:08","1.88","Zakończony"
"18.01.2024 21:52","Obrońców Wybrzeża 4e, Gdansk 80-398","18.01","0.00","0.00","0.00","0.00","ZŁ",Płatności Bolt,"18.01.2024 22:01","4.12","Zakończony"
"18.01.2024 21:07","Przywidzka 7/9, Gdańsk 80-174","19.30","0.00","0.00","0.00","0.00","ZŁ","Gotówka","18.01.2024 21:21","4.89","Zakończony"
"18.01.2024 20:10","Targ Węglowy 26, Гданськ 80-836","15.11","0.00","0.00","0.00","0.00","ZŁ",Płatności Bolt,"18.01.2024 20:16","2.84","Zakończony"
"18.01.2024 19:41","Trakt Świętego Wojciecha 149, Гданьск 80-017","13.00","0.00","0.00","0.00","0.00","ZŁ","Gotówka","18.01.2024 19:44","0.70","Zakończony"
"18.01.2024 19:25","Aleksandra Dulina 4, Gdańsk 80-180","24.14","0.00","0.00","0.00","0.00","ZŁ",Płatności Bolt,"18.01.2024 19:40","5.33","Zakończony"
"18.01.2024 18:48","Aleksandra Dulina 1A, Gdańsk 80-180","30.96","0.00","0.00","0.00","0.00","ZŁ",Płatności Bolt,"18.01.2024 19:25","8.45","Zakończony"
"18.01.2024 17:49","Przywidzka 8, Gdańsk 80-174","15.56","0.00","0.00","0.00","0.00","ZŁ","Gotówka","18.01.2024 17:58","2.98","Zakończony"
"18.01.2024 17:10","Niepołomicka 2, Gdańsk 80-180","13.00","0.00","0.00","0.00","0.00","ZŁ",Płatności Bolt,"18.01.2024 17:22","1.56","Zakończony"
"17.01.2024 23:19","Aleja Gen. Józefa Hallera Aleja Gen. Józefa Hallera 1c, Gdańsk 80-218","40.65","0.00","0.00","0.00","0.00","ZŁ",Płatności Bolt,"17.01.2024 23:47","15.22","Zakończony"
"17.01.2024 23:05","Zakopiańska 26a/7, 80-139 Гданьск, Польша","21.33","0.00","0.00","0.00","0.00","ZŁ",Płatności Bolt,"17.01.2024 23:19","6.22","Zakończony"
"17.01.2024 22:56","Długie Pobrzeże 15, Gdańsk 80-888","15.15","0.00","0.00","0.00","0.00","ZŁ",Płatności Bolt,"17.01.2024 23:04","2.56","Zakończony"
"17.01.2024 22:29","Kowalska 9, Gdańsk 80-846","16.63","0.00","0.00","0.00","0.00","ZŁ",Płatności Bolt,"17.01.2024 22:49","3.78","Zakończony"
"17.01.2024 22:17","Wałowa 40","14.37","0.00","0.00","0.00","0.00","ZŁ","Gotówka","17.01.2024 22:33","2.38","Zakończony"
"17.01.2024 21:15","Płocka 5, Гданськ 80-180","15.66","0.00","0.00","0.00","0.00","ZŁ","Gotówka","17.01.2024 21:28","3.35","Zakończony"
"17.01.2024 19:46","Franciszka Rakoczego 21, Гданськ","16.59","0.00","0.00","0.00","3.00","ZŁ",Płatności Bolt,"17.01.2024 20:00","3.68","Zakończony"
"17.01.2024 19:31","Myśliwska 22, Гданьск","13.00","0.00","0.00","0.00","0.00","ZŁ","Gotówka","17.01.2024 19:48","1.87","Zakończony"
"17.01.2024 19:09","Franciszka Hynka 71b, Гданьск 80-465","28.51","0.00","0.00","0.00","0.00","ZŁ","Gotówka","17.01.2024 19:32","7.37","Zakończony"
"17.01.2024 18:41","Aleja Grunwaldzka 229, Gdansk 80-266","13.71","0.00","0.00","0.00","0.00","ZŁ",Płatności Bolt,"17.01.2024 18:46","2.99","Zakończony"
"17.01.2024 18:00","Ujeścisko 5A, Gdańsk 80-130","18.13","0.00","0.00","0.00","0.00","ZŁ",Płatności Bolt,"17.01.2024 18:09","3.67","Zakończony"
"15.01.2024 21:49","Pilotów 12F, Gdańsk 80-460","22.39","0.00","0.00","0.00","0.00","ZŁ",Płatności Bolt,"15.01.2024 22:07","7.09","Zakończony"
"15.01.2024 21:25","Stężycka 62, Gdańsk 80-174","36.04","0.00","0.00","0.00","0.00","ZŁ",Płatności Bolt,"15.01.2024 21:50","15.84","Zakończony"
"15.01.2024 20:05","3 Maja 16, Gdańsk 80-802","15.67","0.00","0.00","0.00","0.00","ZŁ",Płatności Bolt,"15.01.2024 20:25","2.38","Zakończony"
"15.01.2024 19:35","Myśliwska 66, Gdansk 80-283","38.68","0.00","0.00","0.00","10.00","ZŁ",Płatności Bolt,"15.01.2024 20:13","9.44","Zakończony"
"15.01.2024 19:14","Srebrna 46, Gdańsk 80-180","24.56","0.00","0.00","0.00","0.00","ZŁ",Płatności Bolt,"15.01.2024 19:39","5.55","Zakończony"
"15.01.2024 19:03","Stacja Orunia, Gdańsk","19.23","0.00","0.00","0.00","0.00","ZŁ",Płatności Bolt,"15.01.2024 19:17","4.75","Zakończony"
"15.01.2024 18:50","Spadzista 2, Gdańsk 80-811","20.41","0.00","0.00","0.00","0.00","ZŁ",Płatności Bolt,"15.01.2024 19:04","2.51","Zakończony"
"15.01.2024 18:16","Kartuska 474, Gdańsk 80-298","80.51","0.00","0.00","0.00","0.00","ZŁ",Płatności Bolt,"15.01.2024 18:53","11.56","Zakończony"
"15.01.2024 18:02","Orzechowa 1, Gdańsk","28.60","0.00","0.00","0.00","0.00","ZŁ",Płatności Bolt,"15.01.2024 18:21","1.61","Zakończony"
"15.01.2024 17:56","Stolema 54a, Гданськ 80-177","26.73","0.00","0.00","0.00","0.00","ZŁ","Gotówka","15.01.2024 18:06","2.42","Zakończony"
"15.01.2024 17:42","Kartuska 396, Гданськ 80-125","32.50","0.00","0.00","0.00","0.00","ZŁ","Gotówka","15.01.2024 17:55","0.82","Zakończony"
"15.01.2024 17:22","Piotrkowska 49, Gdańsk 80-180","46.00","0.00","0.00","0.00","0.00","ZŁ",Płatności Bolt,"15.01.2024 17:48","4.59","Zakończony"
"15.01.2024 16:51","Eugeniusza Węgrzyna 2, Gdańsk 80-175","42.20","0.00","0.00","0.00","0.00","ZŁ",Płatności Bolt,"15.01.2024 17:24","4.74","Zakończony"
"15.01.2024 16:42","Współczesna 1F, Pruszcz Gdański Obszar Wiejski 80-180","36.31","0.00","0.00","0.00","7.00","ZŁ",Płatności Bolt,"15.01.2024 17:00","2.88","Zakończony"
"15.01.2024 16:16","Staropolska 32, Кольбуди 80-180","20.80","0.00","0.00","0.00","0.00","ZŁ","Gotówka","15.01.2024 16:48","2.06","Zakończony"
"14.01.2024 23:02","Cedrowa 27, Gdańsk 80-126","25.56","0.00","0.00","0.00","0.00","ZŁ",Płatności Bolt,"14.01.2024 23:15","7.08","Zakończony"
"14.01.2024 22:13","Gdańsk, Pohulanka 04, Gdańsk 80-807","16.92","0.00","0.00","0.00","0.00","ZŁ",Płatności Bolt,"14.01.2024 22:23","3.76","Zakończony"
"14.01.2024 21:42","Anny Jagiellonki 28, Gdańsk 80-034","13.00","0.00","0.00","0.00","0.00","ZŁ",Płatności Bolt,"14.01.2024 21:53","1.47","Zakończony"
"14.01.2024 21:29","Strzelców Karpackich 6A, Gdańsk 80-041","13.99","0.00","0.00","0.00","0.00","ZŁ",Płatności Bolt,"14.01.2024 21:40","2.66","Zakończony"
"14.01.2024 20:11","Niepołomicka 21A, Gdańsk 80-180","26.16","0.00","0.00","0.00","0.00","ZŁ",Płatności Bolt,"14.01.2024 20:28","7.28","Zakończony"
"14.01.2024 19:42","Legendy 23, Gdansk","18.43","0.00","0.00","0.00","0.00","ZŁ",Płatności Bolt,"14.01.2024 20:00","4.09","Zakończony"
"14.01.2024 18:27","Jabłoniowa 49, Gdańsk 80-175","17.78","0.00","0.00","0.00","0.00","ZŁ",Płatności Bolt,"14.01.2024 18:39","3.99","Zakończony"
"14.01.2024 17:50","Kazimierza Porębskiego 45, Гданськ 80-180","16.30","0.00","0.00","0.00","0.00","ZŁ",Płatności Bolt,"14.01.2024 18:27","2.55","Zakończony"
"14.01.2024 05:27","Rajska 8, Gdańsk 80-850","20.91","0.00","0.00","0.00","0.00","ZŁ",Płatności Bolt,"14.01.2024 05:40","5.63","Zakończony"
"14.01.2024 05:07","Stefana Batorego 4, Gdańsk 80-251","19.11","0.00","0.00","0.00","0.00","ZŁ",Płatności Bolt,"14.01.2024 05:26","5.36","Zakończony"
"14.01.2024 04:49","Alfonsa Flisykowskiego 15, Gdańsk 80-180","26.74","0.00","0.00","0.00","0.00","ZŁ",Płatności Bolt,"14.01.2024 05:08","7.66","Zakończony"
"14.01.2024 04:23","Świętokrzyska 120, Gdańsk 80-180","13.00","0.00","0.00","0.00","0.00","ZŁ","Gotówka","14.01.2024 04:25","0.70","Zakończony"
"14.01.2024 04:03","Mariana Kołodzieja 46, Gdańsk 80-180","16.09","0.00","0.00","0.00","0.00","ZŁ",Płatności Bolt,"14.01.2024 04:13","3.46","Zakończony"
"14.01.2024 03:34","Jakuba Wejhera 3, Gdansk 80-346","36.94","0.00","0.00","0.00","0.00","ZŁ",Płatności Bolt,"14.01.2024 04:01","12.59","Zakończony"
"14.01.2024 03:29","Aleja Rzeczypospolitej 23, Gdańsk 80-463","15.91","0.00","0.00","0.00","0.00","ZŁ",Płatności Bolt,"14.01.2024 03:39","3.60","Zakończony"
"14.01.2024 03:14","Aleja Grunwaldzka 472C, Gdańsk 80-309","15.86","0.00","0.00","0.00","0.00","ZŁ",Płatności Bolt,"14.01.2024 03:29","2.98","Zakończony"
"14.01.2024 03:01","Ks. Bernarda Sychty 24, Gdańsk","16.90","0.00","0.00","0.00","0.00","ZŁ","Gotówka","14.01.2024 03:16","1.94","Zakończony"
"14.01.2024 02:49","Obrońców Wybrzeża 19, Gdańsk 80-398","17.09","0.00","0.00","0.00","3.00","ZŁ",Płatności Bolt,"14.01.2024 03:06","4.24","Zakończony"
"14.01.2024 02:40","Korzenna 2-4-6b, Gdańsk","34.07","0.00","0.00","0.00","0.00","ZŁ",Płatności Bolt,"14.01.2024 02:52","6.96","Zakończony"
"14.01.2024 02:23","Mariana Kołodzieja 51B, Gdańsk 80-180","21.09","0.00","0.00","0.00","0.00","ZŁ","Gotówka","14.01.2024 02:40","6.03","Zakończony"
"14.01.2024 02:15","Słodowników, Stare Miasto Gdansk","19.92","0.00","0.00","0.00","0.00","ZŁ",Płatności Bolt,"14.01.2024 02:28","5.60","Zakończony"
"14.01.2024 02:06","Długie Ogrody 18, Гданьск 80-765","10.00","0.00","0.00","10.00","0.00","ZŁ",Płatności Bolt,"14.01.2024 02:16","0.00","Klient anulował"
"14.01.2024 01:56","Dworzec Główny, Dworzec Główny PKP Gdańsk","13.99","0.00","0.00","0.00","0.00","ZŁ",Płatności Bolt,"14.01.2024 02:07","3.46","Zakończony"
"14.01.2024 01:33","Równa 32, Gdańsk 80-067","21.49","0.00","0.00","0.00","0.00","ZŁ",Płatności Bolt,"14.01.2024 01:53","6.57","Zakończony"
"14.01.2024 01:11","Kazimierza Leskiego 32, Gdańsk 80-180","26.89","0.00","0.00","0.00","0.00","ZŁ",Płatności Bolt,"14.01.2024 01:33","8.12","Zakończony"
"13.01.2024 17:22","Antoniego Dobrowolskiego 1A, Гданьск 80-286","47.85","0.00","0.00","0.00","5.00","ZŁ",Płatności Bolt,"13.01.2024 17:57","17.86","Zakończony"
"13.01.2024 17:07","Wojciecha Bogusławskiego 4A, Gdańsk 80-818","21.45","0.00","0.00","0.00","0.00","ZŁ",Płatności Bolt,"13.01.2024 17:21","6.66","Zakończony"
"13.01.2024 16:35","Toruńska 12, Gdańsk 80-747","14.08","0.00","0.00","0.00","0.00","ZŁ",Płatności Bolt,"13.01.2024 16:51","3.60","Zakończony"
"13.01.2024 14:40","Zakopiańska 32B, Gdańsk 80-142","37.34","0.00","0.00","0.00","0.00","ZŁ",Płatności Bolt,"13.01.2024 15:13","10.08","Zakończony"
"13.01.2024 13:56","Magazynowa 7, Kowale 80-180","37.17","0.00","0.00","0.00","10.00","ZŁ",Płatności Bolt,"13.01.2024 14:39","12.59","Zakończony"
"13.01.2024 01:48","Ludwika Beethovena 24, Gdańsk 80-171","22.72","0.00","0.00","0.00","0.00","ZŁ",Płatności Bolt,"13.01.2024 02:06","6.98","Zakończony"
"13.01.2024 01:22","Romualda Traugutta 97, Gdańsk 80-229","16.70","0.00","0.00","0.00","3.00","ZŁ",Płatności Bolt,"13.01.2024 01:31","5.09","Zakończony"
"13.01.2024 01:12","Kartuska 190, Gdańsk 80-122","19.26","0.00","0.00","0.00","0.00","ZŁ",Płatności Bolt,"13.01.2024 01:20","3.82","Zakończony"
"12.01.2024 23:11","Jana Heweliusza 1, Gdańsk 80-890","15.18","0.00","0.00","0.00","0.00","ZŁ",Płatności Bolt,"12.01.2024 23:19","3.25","Zakończony"
"12.01.2024 23:01","Do Studzienki 27, Gdańsk 80-227","17.74","0.00","0.00","0.00","0.00","ZŁ",Płatności Bolt,"12.01.2024 23:09","4.21","Zakończony"
"12.01.2024 22:51","Zamkowa 2A, Gdańsk 80-842","16.55","0.00","0.00","0.00","0.00","ZŁ",Płatności Bolt,"12.01.2024 23:00","3.63","Zakończony"
"12.01.2024 22:30","Stanisława Hebanowskiego 72B, Gdańsk 80-766","16.38","0.00","0.00","0.00","0.00","ZŁ",Płatności Bolt,"12.01.2024 22:51","3.69","Zakończony"
"12.01.2024 21:53","Przywidzka 6, Gdańsk","14.41","0.00","0.00","0.00","0.00","ZŁ",Płatności Bolt,"12.01.2024 22:12","2.92","Zakończony"
"12.01.2024 19:24","Łostowicka 25A, Gdańsk 80-121","13.44","0.00","0.00","0.00","0.00","ZŁ",Płatności Bolt,"12.01.2024 19:37","2.42","Zakończony"
"12.01.2024 18:45","Czarna 10, Gdańsk, Polska","25.40","0.00","0.00","0.00","0.00","ZŁ","Gotówka","12.01.2024 19:14","9.48","Zakończony"
"10.01.2024 23:08","Leszczynowa 6, Gdańsk 80-175","18.30","0.00","0.00","0.00","0.00","ZŁ",Płatności Bolt,"10.01.2024 23:23","3.30","Zakończony"
"10.01.2024 22:56","Baśniowa 83, Gdańsk 80-180","20.10","0.00","0.00","0.00","0.00","ZŁ",Płatności Bolt,"10.01.2024 23:14","5.29","Zakończony"
"10.01.2024 21:49","Łąkowa 8A, Gdańsk 80-743","18.42","0.00","0.00","0.00","0.00","ZŁ","Gotówka","10.01.2024 21:59","4.59","Zakończony"
"10.01.2024 21:33","Lecha Bądkowskiego 1, Gdańsk 80-137","18.80","0.00","0.00","0.00","0.00","ZŁ",Płatności Bolt,"10.01.2024 21:44","4.54","Zakończony"
"10.01.2024 21:16","Antoniego Suchanka 3, Gdańsk 80-772","16.62","0.00","0.00","0.00","10.00","ZŁ",Płatności Bolt,"10.01.2024 21:31","4.33","Zakończony"
"10.01.2024 21:02","Wały Jagiellońskie 2A, Gdańsk 80-887","14.24","0.00","0.00","0.00","0.00","ZŁ",Płatności Bolt,"10.01.2024 21:10","2.76","Zakończony"
"10.01.2024 20:42","Railway Station Gdansk, Railway Station Gdansk","23.92","0.00","0.00","0.00","0.00","ZŁ","Gotówka","10.01.2024 20:54","6.99","Zakończony"
"10.01.2024 20:08","Krynicka 3A, Gdansk 80-393","13.12","0.00","0.00","0.00","3.00","ZŁ",Płatności Bolt,"10.01.2024 20:14","2.62","Zakończony"
"10.01.2024 19:47","Czesława Miłosza 56, Gdańsk 80-126","29.71","0.00","0.00","0.00","0.00","ZŁ",Płatności Bolt,"10.01.2024 20:09","8.82","Zakończony"
"10.01.2024 19:12","Kręta 12A, Kolbudy 80-180","22.10","0.00","0.00","0.00","0.00","ZŁ","Gotówka","10.01.2024 19:32","5.92","Zakończony"
"10.01.2024 18:41","Jeleniogórska 19B, Gdańsk 80-180","15.37","0.00","0.00","0.00","0.00","ZŁ",Płatności Bolt,"10.01.2024 18:51","2.96","Zakończony"
"10.01.2024 18:25","Stężycka 64, Gdańsk 80-174","16.89","0.00","0.00","0.00","0.00","ZŁ","Gotówka","10.01.2024 18:41","3.48","Zakończony"
"07.01.2024 23:30","Grudziądzka 8, Gdansk 80-414","28.27","0.00","0.00","0.00","0.00","ZŁ",Płatności Bolt,"07.01.2024 23:47","10.40","Zakończony"
"07.01.2024 23:09","Podwale Grodzkie 2, Гданьск 80-895","23.49","0.00","0.00","0.00","0.00","ZŁ","Gotówka","07.01.2024 23:25","4.06","Zakończony"
"07.01.2024 22:54","Kołobrzeska 34, Gdansk 80-391","23.47","0.00","0.00","0.00","0.00","ZŁ","Gotówka","07.01.2024 23:10","6.92","Zakończony"
"07.01.2024 22:35","Władysława Syrokomli 11, Gdansk 80-267","14.38","0.00","0.00","0.00","0.00","ZŁ",Płatności Bolt,"07.01.2024 22:45","2.95","Zakończony"
"07.01.2024 22:25","Romana Dmowskiego 11, Gdańsk 80-264","13.00","0.00","0.00","0.00","0.00","ZŁ",Płatności Bolt,"07.01.2024 22:33","1.60","Zakończony"
"07.01.2024 22:03","Latarniana, Old Town Gdansk","20.10","0.00","0.00","0.00","0.00","ZŁ",Płatności Bolt,"07.01.2024 22:17","4.89","Zakończony"
"07.01.2024 21:43","Hugo Kołłątaja 2, Gdańsk 80-262","21.40","0.00","0.00","0.00","0.00","ZŁ",Płatności Bolt,"07.01.2024 21:58","5.86","Zakończony"
"07.01.2024 21:11","Ofiar Grudnia 70 42, Гданьск 80-180","20.79","0.00","0.00","0.00","0.00","ZŁ","Gotówka","07.01.2024 21:25","5.11","Zakończony"
"07.01.2024 20:31","Jaworzniaków 16, Гданьск 80-180","13.45","0.00","0.00","0.00","10.00","ZŁ",Płatności Bolt,"07.01.2024 20:45","2.54","Zakończony"
"07.01.2024 20:25","Lawendowe Wzgórze 13, Gdańsk 80-175","13.98","0.00","0.00","0.00","0.00","ZŁ",Płatności Bolt,"07.01.2024 20:37","2.79","Zakończony"
"07.01.2024 18:20","Stanisława Lema 13, Gdańsk 80-126","32.85","0.00","0.00","0.00","0.00","ZŁ",Płatności Bolt,"07.01.2024 18:45","10.99","Zakończony"
"07.01.2024 16:45","Rakoczego 23, Gdańsk 80-288","27.82","0.00","0.00","0.00","0.00","ZŁ",Płatności Bolt,"07.01.2024 17:03","8.11","Zakończony"
"07.01.2024 16:06","Konrada Guderskiego 1, Gdańsk 80-180","24.70","0.00","0.00","0.00","0.00","ZŁ","Gotówka","07.01.2024 16:27","6.66","Zakończony"
"07.01.2024 01:19","Lisia Grobla 7, Gdańsk 80-860","30.65","0.00","0.00","0.00","0.00","ZŁ","Gotówka","07.01.2024 01:53","9.65","Zakończony"
"07.01.2024 01:10","Chmielna 10, Гданьск 80-748","17.26","0.00","0.00","0.00","0.00","ZŁ","Gotówka","07.01.2024 01:20","2.48","Zakończony"
"07.01.2024 00:44","Gospody 13D, Gdańsk 80-344","37.34","0.00","0.00","0.00","0.00","ZŁ",Płatności Bolt,"07.01.2024 01:08","13.09","Zakończony"
"07.01.2024 00:09","Szafarnia 10, Gdańsk 80-755","44.95","0.00","0.00","0.00","0.00","ZŁ","Gotówka","07.01.2024 00:40","16.45","Zakończony"
"06.01.2024 23:51","Pastelowa 16, Гданьск 80-180","24.61","0.00","0.00","0.00","0.00","ZŁ",Płatności Bolt,"07.01.2024 00:09","7.07","Zakończony"
"06.01.2024 23:39","Nieborowska 49, Gdańsk 80-034","17.05","0.00","0.00","0.00","10.00","ZŁ",Płatności Bolt,"06.01.2024 23:51","4.03","Zakończony"
"06.01.2024 22:50","Długie Pobrzeże 16, Gdańsk 80-888","22.59","0.00","0.00","0.00","0.00","ZŁ",Płatności Bolt,"06.01.2024 23:04","5.46","Zakończony"
"06.01.2024 21:51","Pomorska 14B, Gdańsk 80-333","32.84","0.00","0.00","0.00","5.00","ZŁ",Płatności Bolt,"06.01.2024 22:15","10.55","Zakończony"
"06.01.2024 21:41","Aleja Grunwaldzka 51, Gdańsk 80-241","18.31","0.00","0.00","0.00","0.00","ZŁ",Płatności Bolt,"06.01.2024 21:51","4.95","Zakończony"
"06.01.2024 21:25","Lisia Grobla 7, Gdańsk 80-860","17.58","0.00","0.00","0.00","0.00","ZŁ",Płatności Bolt,"06.01.2024 21:35","3.96","Zakończony"
"06.01.2024 20:43","Sucha 37A/234U, Gdańsk 80-531","23.17","0.00","0.00","0.00","0.00","ZŁ",Płatności Bolt,"06.01.2024 21:01","6.52","Zakończony"
"06.01.2024 20:33","Aleja Jana Pawła Ii 11b, Gdańsk 80-462","21.84","0.00","0.00","0.00","0.00","ZŁ",Płatności Bolt,"06.01.2024 20:43","6.40","Zakończony"
"06.01.2024 19:46","Pokoleń Lechii Gdańsk 1, Gdańsk 80-560","19.84","0.00","0.00","0.00","0.00","ZŁ",Płatności Bolt,"06.01.2024 20:03","5.23","Zakończony"
"06.01.2024 19:33","Śląska 21, Gdańsk 80-389","18.99","0.00","0.00","0.00","3.00","ZŁ",Płatności Bolt,"06.01.2024 19:43","4.57","Zakończony"
"06.01.2024 19:20","Joachima Lelewela 19A, Gdańsk 80-442","17.00","0.00","0.00","0.00","0.00","ZŁ",Płatności Bolt,"06.01.2024 19:33","3.87","Zakończony"
"06.01.2024 19:05","Romana Dmowskiego 11, Gdańsk 80-264","18.41","0.00","0.00","0.00","0.00","ZŁ",Płatności Bolt,"06.01.2024 19:17","3.36","Zakończony"
"06.01.2024 18:57","Do Studzienki 28, Gdańsk 80-227","13.00","0.00","0.00","0.00","0.00","ZŁ","Gotówka","06.01.2024 19:05","1.90","Zakończony"
"06.01.2024 18:28","Jaworzniaków 65, Gdańsk 80-180","32.46","0.00","0.00","0.00","0.00","ZŁ",Płatności Bolt,"06.01.2024 18:57","12.38","Zakończony"
"05.01.2024 23:01","Kartuska 251a, Gdańsk 80-122","25.28","0.00","0.00","0.00","0.00","ZŁ","Gotówka","05.01.2024 23:25","3.32","Zakończony"
"05.01.2024 22:41","Hilarego Koprowskiego 23, Гданьск 80-180","26.28","0.00","0.00","0.00","0.00","ZŁ",Płatności Bolt,"05.01.2024 23:02","7.58","Zakończony"
"05.01.2024 22:02","Jabłoniowa 55, Гданьск 80-175","16.21","0.00","0.00","0.00","0.00","ZŁ","Gotówka","05.01.2024 22:22","4.23","Zakończony"
"05.01.2024 21:40","Przywidzka 6C, Gdańsk 80-174","13.00","0.00","0.00","0.00","0.00","ZŁ",Płatności Bolt,"05.01.2024 21:52","2.42","Zakończony"
"05.01.2024 19:13","Stolema 58, Gdańsk 80-177","29.26","0.00","0.00","0.00","0.00","ZŁ","Gotówka","05.01.2024 19:33","9.31","Zakończony"
"05.01.2024 19:01","Szczęśliwa 1, Gdańsk 80-176","17.12","0.00","0.00","0.00","0.00","ZŁ",Płatności Bolt,"05.01.2024 19:12","3.92","Zakończony"
"05.01.2024 18:33","Szczęśliwa 7, Gdańsk 80-176","13.00","0.00","0.00","0.00","0.00","ZŁ","Gotówka","05.01.2024 18:44","1.17","Zakończony"
"05.01.2024 18:06","Czesława Miłosza 51, Gdansk 80-126","24.41","0.00","0.00","0.00","0.00","ZŁ",Płatności Bolt,"05.01.2024 18:36","7.41","Zakończony"
"05.01.2024 17:36","Ludwika Beethovena 11A, Gdańsk 80-171","35.50","0.00","0.00","0.00","0.00","ZŁ",Płatności Bolt,"05.01.2024 18:12","6.82","Zakończony"
"05.01.2024 17:20","Karmelicka 2, Гданьск 80-851","13.84","0.00","0.00","0.00","0.00","ZŁ","Gotówka","05.01.2024 17:30","2.31","Zakończony"
"05.01.2024 17:04","Eugeniusza Węgrzyna 10, Gdańsk 80-175","24.00","0.00","0.00","0.00","0.00","ZŁ",Płatności Bolt,"05.01.2024 17:21","6.78","Zakończony"
"05.01.2024 16:47","Lidl, Przywidzka 9, Gdańsk, Polska","14.91","0.00","0.00","0.00","0.00","ZŁ",Płatności Bolt,"05.01.2024 17:04","2.53","Zakończony"
"04.01.2024 20:30","Ołowianka 1, Гданьск 80-751","33.62","0.00","0.00","0.00","0.00","ZŁ",Płatności Bolt,"04.01.2024 20:53","9.33","Zakończony"
"04.01.2024 20:17","Księdza Franciszka Rogaczewskiego 42, Гданськ 80-804","13.00","0.00","0.00","0.00","0.00","ZŁ",Płatności Bolt,"04.01.2024 20:29","1.72","Zakończony"
"04.01.2024 19:54","Kazimierza Wielkiego Kazimierza Wielkiego 46, Гданьск 80-180","26.44","0.00","0.00","0.00","0.00","ZŁ",Płatności Bolt,"04.01.2024 20:15","8.09","Zakończony"
"04.01.2024 18:38","Brama Wyżynna 04, Gdańsk 80","24.30","0.00","0.00","0.00","0.00","ZŁ",Płatności Bolt,"04.01.2024 19:02","7.32","Zakończony"
"04.01.2024 18:17","Krzysztofa Kamila Baczyńskiego 8C, Gdansk 80-410","33.41","0.00","0.00","0.00","0.00","ZŁ",Płatności Bolt,"04.01.2024 18:40","5.27","Zakończony"
"03.01.2024 18:56","Aleja Grunwaldzka 415, Гданьск 80-309","42.91","0.00","0.00","0.00","0.00","ZŁ",Płatności Bolt,"03.01.2024 19:44","13.83","Zakończony"
"03.01.2024 18:37","Wałowa 25D, Гданьск 80-858","27.94","0.00","0.00","0.00","0.00","ZŁ","Gotówka","03.01.2024 19:00","8.15","Zakończony"
"03.01.2024 18:25","Stanisława Hebanowskiego 83B, Gdańsk 80-766","16.81","0.00","0.00","0.00","0.00","ZŁ",Płatności Bolt,"03.01.2024 18:38","3.47","Zakończony"
"03.01.2024 17:40","Brama Wyżynna 04, Gdańsk","37.36","0.00","0.00","0.00","0.00","ZŁ",Płatności Bolt,"03.01.2024 18:06","12.64","Zakończony"
"03.01.2024 17:16","Stężycka 81, Gdańsk 80-174","28.68","0.00","0.00","0.00","0.00","ZŁ",Płatności Bolt,"03.01.2024 17:38","8.16","Zakończony"
